LonDD,LatDD,Cell,Width,Height
120.25,16.75,Agriculture,0.5,0.5
120.75,16.75,Agriculture,0.5,0.5
121.25,16.75,Agriculture,0.5,0.5
121.75,16.75,Agriculture,0.5,0.5
122.25,16.75,Agriculture,0.5,0.5
119.75,16.25,Agriculture,0.5,0.5
120.25,16.25,Agriculture,0.5,0.5
120.75,16.25,Agriculture,0.5,0.5
121.25,16.25,Agriculture,0.5,0.5
121.75,16.25,Agriculture,0.5,0.5
122.25,16.25,Agriculture,0.5,0.5
119.75,15.75,Agriculture,0.5,0.5
120.25,15.75,Agriculture,0.5,0.5
120.75,15.75,Agriculture,0.5,0.5
121.25,15.75,Agriculture,0.5,0.5
121.75,15.75,Agriculture,0.5,0.5
119.75,15.25,Agriculture,0.5,0.5
120.25,15.25,Agriculture,0.5,0.5
120.75,15.25,Agriculture,0.5,0.5
121.25,15.25,Agriculture,0.5,0.5
120.25,14.75,Agriculture,0.5,0.5
120.75,14.75,Agriculture,0.5,0.5
121.25,14.75,Agriculture,0.5,0.5
121.75,14.75,Agriculture,0.5,0.5
120.25,14.25,Agriculture,0.5,0.5
120.75,14.25,Agriculture,0.5,0.5
121.25,14.25,Agriculture,0.5,0.5
121.75,14.25,Agriculture,0.5,0.5
122.25,14.25,Agriculture,0.5,0.5
122.75,14.25,Agriculture,0.5,0.5
120.25,13.75,Agriculture,0.5,0.5
120.75,13.75,Agriculture,0.5,0.5
121.25,13.75,Agriculture,0.5,0.5
121.75,13.75,Agriculture,0.5,0.5
122.25,13.75,Agriculture,0.5,0.5
122.75,13.75,Agriculture,0.5,0.5
123.25,13.75,Agriculture,0.5,0.5
123.75,13.75,Agriculture,0.5,0.5
120.25,13.25,Agriculture,0.5,0.5
120.75,13.25,Agriculture,0.5,0.5
121.25,13.25,Agriculture,0.5,0.5
121.75,13.25,Agriculture,0.5,0.5
122.25,13.25,Agriculture,0.5,0.5
122.75,13.25,Agriculture,0.5,0.5
123.25,13.25,Agriculture,0.5,0.5
123.75,13.25,Agriculture,0.5,0.5
120.75,12.75,Agriculture,0.5,0.5
121.25,12.75,Agriculture,0.5,0.5
122.25,12.75,Agriculture,0.5,0.5
123.75,12.75,Agriculture,0.5,0.5
124.25,12.75,Agriculture,0.5,0.5
119.75,12.25,Agriculture,0.5,0.5
120.25,12.25,Agriculture,0.5,0.5
121.25,12.25,Agriculture,0.5,0.5
122.25,12.25,Agriculture,0.5,0.5
122.75,12.25,Agriculture,0.5,0.5
123.25,12.25,Agriculture,0.5,0.5
123.75,12.25,Agriculture,0.5,0.5
124.25,12.25,Agriculture,0.5,0.5
124.75,12.25,Agriculture,0.5,0.5
125.25,12.25,Agriculture,0.5,0.5
119.75,11.75,Agriculture,0.5,0.5
120.25,11.75,Agriculture,0.5,0.5
121.75,11.75,Agriculture,0.5,0.5
122.25,11.75,Agriculture,0.5,0.5
122.75,11.75,Agriculture,0.5,0.5
123.75,11.75,Agriculture,0.5,0.5
124.25,11.75,Agriculture,0.5,0.5
124.75,11.75,Agriculture,0.5,0.5
125.25,11.75,Agriculture,0.5,0.5
119.25,11.25,Agriculture,0.5,0.5
119.75,11.25,Agriculture,0.5,0.5
122.25,11.25,Agriculture,0.5,0.5
122.75,11.25,Agriculture,0.5,0.5
123.25,11.25,Agriculture,0.5,0.5
124.25,11.25,Agriculture,0.5,0.5
124.75,11.25,Agriculture,0.5,0.5
125.25,11.25,Agriculture,0.5,0.5
125.75,11.25,Agriculture,0.5,0.5
119.25,10.75,Agriculture,0.5,0.5
119.75,10.75,Agriculture,0.5,0.5
120.75,10.75,Agriculture,0.5,0.5
121.25,10.75,Agriculture,0.5,0.5
122.25,10.75,Agriculture,0.5,0.5
122.75,10.75,Agriculture,0.5,0.5
123.25,10.75,Agriculture,0.5,0.5
123.75,10.75,Agriculture,0.5,0.5
124.75,10.75,Agriculture,0.5,0.5
125.25,10.75,Agriculture,0.5,0.5
122.75,10.25,Agriculture,0.5,0.5
123.25,10.25,Agriculture,0.5,0.5
123.75,10.25,Agriculture,0.5,0.5
124.25,10.25,Agriculture,0.5,0.5
124.75,10.25,Agriculture,0.5,0.5
125.25,10.25,Agriculture,0.5,0.5
125.75,10.25,Agriculture,0.5,0.5
122.25,9.75,Agriculture,0.5,0.5
122.75,9.75,Agriculture,0.5,0.5
123.25,9.75,Agriculture,0.5,0.5
123.75,9.75,Agriculture,0.5,0.5
124.25,9.75,Agriculture,0.5,0.5
125.25,9.75,Agriculture,0.5,0.5
125.75,9.75,Agriculture,0.5,0.5
126.25,9.75,Agriculture,0.5,0.5
122.75,9.25,Agriculture,0.5,0.5
123.25,9.25,Agriculture,0.5,0.5
123.75,9.25,Agriculture,0.5,0.5
124.75,9.25,Agriculture,0.5,0.5
125.75,9.25,Agriculture,0.5,0.5
126.25,9.25,Agriculture,0.5,0.5
123.25,8.75,Agriculture,0.5,0.5
123.75,8.75,Agriculture,0.5,0.5
124.75,8.75,Agriculture,0.5,0.5
125.25,8.75,Agriculture,0.5,0.5
125.75,8.75,Agriculture,0.5,0.5
126.25,8.75,Agriculture,0.5,0.5
122.75,8.25,Agriculture,0.5,0.5
123.25,8.25,Agriculture,0.5,0.5
123.75,8.25,Agriculture,0.5,0.5
124.25,8.25,Agriculture,0.5,0.5
124.75,8.25,Agriculture,0.5,0.5
125.25,8.25,Agriculture,0.5,0.5
125.75,8.25,Agriculture,0.5,0.5
126.25,8.25,Agriculture,0.5,0.5
122.25,7.75,Agriculture,0.5,0.5
122.75,7.75,Agriculture,0.5,0.5
123.25,7.75,Agriculture,0.5,0.5
123.75,7.75,Agriculture,0.5,0.5
124.25,7.75,Agriculture,0.5,0.5
124.75,7.75,Agriculture,0.5,0.5
125.25,7.75,Agriculture,0.5,0.5
125.75,7.75,Agriculture,0.5,0.5
126.25,7.75,Agriculture,0.5,0.5
93.75,7.25,Agriculture,0.5,0.5
121.75,7.25,Agriculture,0.5,0.5
122.25,7.25,Agriculture,0.5,0.5
122.75,7.25,Agriculture,0.5,0.5
124.25,7.25,Agriculture,0.5,0.5
124.75,7.25,Agriculture,0.5,0.5
125.25,7.25,Agriculture,0.5,0.5
125.75,7.25,Agriculture,0.5,0.5
126.25,7.25,Agriculture,0.5,0.5
93.75,6.75,Agriculture,0.5,0.5
95.25,5.75,Agriculture,0.5,0.5
95.75,5.75,Agriculture,0.5,0.5
95.25,5.25,Agriculture,0.5,0.5
95.75,5.25,Agriculture,0.5,0.5
96.25,5.25,Agriculture,0.5,0.5
96.75,5.25,Agriculture,0.5,0.5
97.25,5.25,Agriculture,0.5,0.5
97.75,5.25,Agriculture,0.5,0.5
95.25,4.75,Agriculture,0.5,0.5
95.75,4.75,Agriculture,0.5,0.5
96.25,4.75,Agriculture,0.5,0.5
96.75,4.75,Agriculture,0.5,0.5
97.25,4.75,Agriculture,0.5,0.5
97.75,4.75,Agriculture,0.5,0.5
95.75,4.25,Agriculture,0.5,0.5
96.25,4.25,Agriculture,0.5,0.5
96.75,4.25,Agriculture,0.5,0.5
97.25,4.25,Agriculture,0.5,0.5
97.75,4.25,Agriculture,0.5,0.5
126.75,4.25,Agriculture,0.5,0.5
96.25,3.75,Agriculture,0.5,0.5
96.75,3.75,Agriculture,0.5,0.5
97.25,3.75,Agriculture,0.5,0.5
97.75,3.75,Agriculture,0.5,0.5
125.25,3.75,Agriculture,0.5,0.5
125.75,3.75,Agriculture,0.5,0.5
97.25,3.25,Agriculture,0.5,0.5
97.75,3.25,Agriculture,0.5,0.5
127.75,2.25,Agriculture,0.5,0.5
124.75,1.75,Agriculture,0.5,0.5
125.25,1.75,Agriculture,0.5,0.5
127.75,1.75,Agriculture,0.5,0.5
124.25,1.25,Agriculture,0.5,0.5
124.75,1.25,Agriculture,0.5,0.5
125.25,1.25,Agriculture,0.5,0.5
127.25,1.25,Agriculture,0.5,0.5
127.75,1.25,Agriculture,0.5,0.5
121.75,0.75,Agriculture,0.5,0.5
122.25,0.75,Agriculture,0.5,0.5
122.75,0.75,Agriculture,0.5,0.5
123.25,0.75,Agriculture,0.5,0.5
123.75,0.75,Agriculture,0.5,0.5
124.25,0.75,Agriculture,0.5,0.5
124.75,0.75,Agriculture,0.5,0.5
127.25,0.75,Agriculture,0.5,0.5
127.75,0.75,Agriculture,0.5,0.5
121.75,0.25,Agriculture,0.5,0.5
122.25,0.25,Agriculture,0.5,0.5
122.75,0.25,Agriculture,0.5,0.5
123.25,0.25,Agriculture,0.5,0.5
123.75,0.25,Agriculture,0.5,0.5
124.25,0.25,Agriculture,0.5,0.5
127.25,0.25,Agriculture,0.5,0.5
127.75,0.25,Agriculture,0.5,0.5
121.75,-0.25,Agriculture,0.5,0.5
127.25,-0.25,Agriculture,0.5,0.5
127.75,-0.25,Agriculture,0.5,0.5
121.75,-0.75,Agriculture,0.5,0.5
122.25,-0.75,Agriculture,0.5,0.5
122.75,-0.75,Agriculture,0.5,0.5
123.25,-0.75,Agriculture,0.5,0.5
127.25,-0.75,Agriculture,0.5,0.5
127.75,-0.75,Agriculture,0.5,0.5
121.75,-1.25,Agriculture,0.5,0.5
122.25,-1.25,Agriculture,0.5,0.5
122.75,-1.25,Agriculture,0.5,0.5
123.25,-1.25,Agriculture,0.5,0.5
149.75,-1.25,Agriculture,0.5,0.5
122.25,-1.75,Agriculture,0.5,0.5
122.75,-1.75,Agriculture,0.5,0.5
124.25,-1.75,Agriculture,0.5,0.5
124.75,-1.75,Agriculture,0.5,0.5
125.25,-1.75,Agriculture,0.5,0.5
125.75,-1.75,Agriculture,0.5,0.5
126.25,-1.75,Agriculture,0.5,0.5
127.25,-1.75,Agriculture,0.5,0.5
149.75,-1.75,Agriculture,0.5,0.5
146.75,-2.25,Agriculture,0.5,0.5
147.25,-2.25,Agriculture,0.5,0.5
147.75,-2.25,Agriculture,0.5,0.5
150.25,-2.25,Agriculture,0.5,0.5
150.25,-2.75,Agriculture,0.5,0.5
150.75,-2.75,Agriculture,0.5,0.5
151.25,-2.75,Agriculture,0.5,0.5
36.75,-3.25,Agriculture,0.5,0.5
37.25,-3.25,Agriculture,0.5,0.5
37.75,-3.25,Agriculture,0.5,0.5
38.25,-3.25,Agriculture,0.5,0.5
38.75,-3.25,Agriculture,0.5,0.5
39.25,-3.25,Agriculture,0.5,0.5
39.75,-3.25,Agriculture,0.5,0.5
40.25,-3.25,Agriculture,0.5,0.5
151.25,-3.25,Agriculture,0.5,0.5
151.75,-3.25,Agriculture,0.5,0.5
152.25,-3.25,Agriculture,0.5,0.5
154.75,-3.25,Agriculture,0.5,0.5
36.75,-3.75,Agriculture,0.5,0.5
37.25,-3.75,Agriculture,0.5,0.5
37.75,-3.75,Agriculture,0.5,0.5
38.25,-3.75,Agriculture,0.5,0.5
38.75,-3.75,Agriculture,0.5,0.5
39.25,-3.75,Agriculture,0.5,0.5
39.75,-3.75,Agriculture,0.5,0.5
143.75,-3.75,Agriculture,0.5,0.5
144.25,-3.75,Agriculture,0.5,0.5
152.25,-3.75,Agriculture,0.5,0.5
152.75,-3.75,Agriculture,0.5,0.5
36.75,-4.25,Agriculture,0.5,0.5
37.25,-4.25,Agriculture,0.5,0.5
37.75,-4.25,Agriculture,0.5,0.5
38.25,-4.25,Agriculture,0.5,0.5
38.75,-4.25,Agriculture,0.5,0.5
39.25,-4.25,Agriculture,0.5,0.5
39.75,-4.25,Agriculture,0.5,0.5
40.25,-4.25,Agriculture,0.5,0.5
143.75,-4.25,Agriculture,0.5,0.5
144.25,-4.25,Agriculture,0.5,0.5
144.75,-4.25,Agriculture,0.5,0.5
145.25,-4.25,Agriculture,0.5,0.5
151.75,-4.25,Agriculture,0.5,0.5
152.25,-4.25,Agriculture,0.5,0.5
152.75,-4.25,Agriculture,0.5,0.5
153.25,-4.25,Agriculture,0.5,0.5
36.75,-4.75,Agriculture,0.5,0.5
37.25,-4.75,Agriculture,0.5,0.5
37.75,-4.75,Agriculture,0.5,0.5
38.25,-4.75,Agriculture,0.5,0.5
38.75,-4.75,Agriculture,0.5,0.5
39.25,-4.75,Agriculture,0.5,0.5
143.75,-4.75,Agriculture,0.5,0.5
144.25,-4.75,Agriculture,0.5,0.5
144.75,-4.75,Agriculture,0.5,0.5
145.25,-4.75,Agriculture,0.5,0.5
145.75,-4.75,Agriculture,0.5,0.5
146.25,-4.75,Agriculture,0.5,0.5
149.25,-4.75,Agriculture,0.5,0.5
151.75,-4.75,Agriculture,0.5,0.5
152.25,-4.75,Agriculture,0.5,0.5
152.75,-4.75,Agriculture,0.5,0.5
36.75,-5.25,Agriculture,0.5,0.5
37.25,-5.25,Agriculture,0.5,0.5
37.75,-5.25,Agriculture,0.5,0.5
38.25,-5.25,Agriculture,0.5,0.5
38.75,-5.25,Agriculture,0.5,0.5
39.25,-5.25,Agriculture,0.5,0.5
39.75,-5.25,Agriculture,0.5,0.5
143.75,-5.25,Agriculture,0.5,0.5
144.25,-5.25,Agriculture,0.5,0.5
144.75,-5.25,Agriculture,0.5,0.5
145.25,-5.25,Agriculture,0.5,0.5
145.75,-5.25,Agriculture,0.5,0.5
147.25,-5.25,Agriculture,0.5,0.5
150.25,-5.25,Agriculture,0.5,0.5
151.25,-5.25,Agriculture,0.5,0.5
151.75,-5.25,Agriculture,0.5,0.5
152.25,-5.25,Agriculture,0.5,0.5
154.75,-5.25,Agriculture,0.5,0.5
36.75,-5.75,Agriculture,0.5,0.5
37.25,-5.75,Agriculture,0.5,0.5
37.75,-5.75,Agriculture,0.5,0.5
38.25,-5.75,Agriculture,0.5,0.5
38.75,-5.75,Agriculture,0.5,0.5
39.25,-5.75,Agriculture,0.5,0.5
112.75,-5.75,Agriculture,0.5,0.5
143.75,-5.75,Agriculture,0.5,0.5
144.25,-5.75,Agriculture,0.5,0.5
144.75,-5.75,Agriculture,0.5,0.5
145.25,-5.75,Agriculture,0.5,0.5
145.75,-5.75,Agriculture,0.5,0.5
146.25,-5.75,Agriculture,0.5,0.5
146.75,-5.75,Agriculture,0.5,0.5
147.25,-5.75,Agriculture,0.5,0.5
147.75,-5.75,Agriculture,0.5,0.5
148.25,-5.75,Agriculture,0.5,0.5
148.75,-5.75,Agriculture,0.5,0.5
149.25,-5.75,Agriculture,0.5,0.5
149.75,-5.75,Agriculture,0.5,0.5
150.25,-5.75,Agriculture,0.5,0.5
150.75,-5.75,Agriculture,0.5,0.5
151.25,-5.75,Agriculture,0.5,0.5
151.75,-5.75,Agriculture,0.5,0.5
154.75,-5.75,Agriculture,0.5,0.5
36.75,-6.25,Agriculture,0.5,0.5
37.25,-6.25,Agriculture,0.5,0.5
37.75,-6.25,Agriculture,0.5,0.5
38.25,-6.25,Agriculture,0.5,0.5
38.75,-6.25,Agriculture,0.5,0.5
39.25,-6.25,Agriculture,0.5,0.5
39.75,-6.25,Agriculture,0.5,0.5
143.75,-6.25,Agriculture,0.5,0.5
144.25,-6.25,Agriculture,0.5,0.5
144.75,-6.25,Agriculture,0.5,0.5
145.25,-6.25,Agriculture,0.5,0.5
145.75,-6.25,Agriculture,0.5,0.5
146.25,-6.25,Agriculture,0.5,0.5
146.75,-6.25,Agriculture,0.5,0.5
147.25,-6.25,Agriculture,0.5,0.5
147.75,-6.25,Agriculture,0.5,0.5
149.25,-6.25,Agriculture,0.5,0.5
149.75,-6.25,Agriculture,0.5,0.5
150.25,-6.25,Agriculture,0.5,0.5
150.75,-6.25,Agriculture,0.5,0.5
36.75,-6.75,Agriculture,0.5,0.5
37.25,-6.75,Agriculture,0.5,0.5
37.75,-6.75,Agriculture,0.5,0.5
38.25,-6.75,Agriculture,0.5,0.5
38.75,-6.75,Agriculture,0.5,0.5
39.25,-6.75,Agriculture,0.5,0.5
39.75,-6.75,Agriculture,0.5,0.5
112.25,-6.75,Agriculture,0.5,0.5
112.75,-6.75,Agriculture,0.5,0.5
113.25,-6.75,Agriculture,0.5,0.5
113.75,-6.75,Agriculture,0.5,0.5
114.25,-6.75,Agriculture,0.5,0.5
115.25,-6.75,Agriculture,0.5,0.5
143.75,-6.75,Agriculture,0.5,0.5
144.25,-6.75,Agriculture,0.5,0.5
144.75,-6.75,Agriculture,0.5,0.5
145.25,-6.75,Agriculture,0.5,0.5
145.75,-6.75,Agriculture,0.5,0.5
146.25,-6.75,Agriculture,0.5,0.5
146.75,-6.75,Agriculture,0.5,0.5
147.25,-6.75,Agriculture,0.5,0.5
147.75,-6.75,Agriculture,0.5,0.5
36.75,-7.25,Agriculture,0.5,0.5
37.25,-7.25,Agriculture,0.5,0.5
37.75,-7.25,Agriculture,0.5,0.5
38.25,-7.25,Agriculture,0.5,0.5
38.75,-7.25,Agriculture,0.5,0.5
39.25,-7.25,Agriculture,0.5,0.5
39.75,-7.25,Agriculture,0.5,0.5
112.25,-7.25,Agriculture,0.5,0.5
112.75,-7.25,Agriculture,0.5,0.5
113.25,-7.25,Agriculture,0.5,0.5
113.75,-7.25,Agriculture,0.5,0.5
143.75,-7.25,Agriculture,0.5,0.5
144.25,-7.25,Agriculture,0.5,0.5
144.75,-7.25,Agriculture,0.5,0.5
145.25,-7.25,Agriculture,0.5,0.5
145.75,-7.25,Agriculture,0.5,0.5
146.25,-7.25,Agriculture,0.5,0.5
146.75,-7.25,Agriculture,0.5,0.5
147.25,-7.25,Agriculture,0.5,0.5
36.75,-7.75,Agriculture,0.5,0.5
37.25,-7.75,Agriculture,0.5,0.5
37.75,-7.75,Agriculture,0.5,0.5
38.25,-7.75,Agriculture,0.5,0.5
38.75,-7.75,Agriculture,0.5,0.5
39.25,-7.75,Agriculture,0.5,0.5
39.75,-7.75,Agriculture,0.5,0.5
112.25,-7.75,Agriculture,0.5,0.5
112.75,-7.75,Agriculture,0.5,0.5
113.25,-7.75,Agriculture,0.5,0.5
113.75,-7.75,Agriculture,0.5,0.5
114.25,-7.75,Agriculture,0.5,0.5
146.75,-7.75,Agriculture,0.5,0.5
147.25,-7.75,Agriculture,0.5,0.5
147.75,-7.75,Agriculture,0.5,0.5
36.75,-8.25,Agriculture,0.5,0.5
37.25,-8.25,Agriculture,0.5,0.5
37.75,-8.25,Agriculture,0.5,0.5
38.25,-8.25,Agriculture,0.5,0.5
38.75,-8.25,Agriculture,0.5,0.5
39.25,-8.25,Agriculture,0.5,0.5
112.25,-8.25,Agriculture,0.5,0.5
112.75,-8.25,Agriculture,0.5,0.5
113.25,-8.25,Agriculture,0.5,0.5
113.75,-8.25,Agriculture,0.5,0.5
114.25,-8.25,Agriculture,0.5,0.5
114.75,-8.25,Agriculture,0.5,0.5
115.25,-8.25,Agriculture,0.5,0.5
115.75,-8.25,Agriculture,0.5,0.5
116.25,-8.25,Agriculture,0.5,0.5
116.75,-8.25,Agriculture,0.5,0.5
117.25,-8.25,Agriculture,0.5,0.5
117.75,-8.25,Agriculture,0.5,0.5
118.25,-8.25,Agriculture,0.5,0.5
146.75,-8.25,Agriculture,0.5,0.5
147.25,-8.25,Agriculture,0.5,0.5
147.75,-8.25,Agriculture,0.5,0.5
148.25,-8.25,Agriculture,0.5,0.5
37.25,-8.75,Agriculture,0.5,0.5
37.75,-8.75,Agriculture,0.5,0.5
38.25,-8.75,Agriculture,0.5,0.5
38.75,-8.75,Agriculture,0.5,0.5
39.25,-8.75,Agriculture,0.5,0.5
39.75,-8.75,Agriculture,0.5,0.5
113.75,-8.75,Agriculture,0.5,0.5
114.25,-8.75,Agriculture,0.5,0.5
114.75,-8.75,Agriculture,0.5,0.5
115.25,-8.75,Agriculture,0.5,0.5
115.75,-8.75,Agriculture,0.5,0.5
116.25,-8.75,Agriculture,0.5,0.5
116.75,-8.75,Agriculture,0.5,0.5
117.25,-8.75,Agriculture,0.5,0.5
117.75,-8.75,Agriculture,0.5,0.5
118.25,-8.75,Agriculture,0.5,0.5
117.25,-9.25,Agriculture,0.5,0.5
47.25,-11.75,Agriculture,0.5,0.5
49.25,-11.75,Agriculture,0.5,0.5
48.75,-12.25,Agriculture,0.5,0.5
49.25,-12.25,Agriculture,0.5,0.5
49.75,-12.25,Agriculture,0.5,0.5
45.25,-12.75,Agriculture,0.5,0.5
48.75,-12.75,Agriculture,0.5,0.5
49.25,-12.75,Agriculture,0.5,0.5
49.75,-12.75,Agriculture,0.5,0.5
45.25,-13.25,Agriculture,0.5,0.5
48.25,-13.25,Agriculture,0.5,0.5
48.75,-13.25,Agriculture,0.5,0.5
49.25,-13.25,Agriculture,0.5,0.5
49.75,-13.25,Agriculture,0.5,0.5
50.25,-13.25,Agriculture,0.5,0.5
47.75,-13.75,Agriculture,0.5,0.5
48.25,-13.75,Agriculture,0.5,0.5
48.75,-13.75,Agriculture,0.5,0.5
49.25,-13.75,Agriculture,0.5,0.5
49.75,-13.75,Agriculture,0.5,0.5
50.25,-13.75,Agriculture,0.5,0.5
47.75,-14.25,Agriculture,0.5,0.5
48.25,-14.25,Agriculture,0.5,0.5
48.75,-14.25,Agriculture,0.5,0.5
49.25,-14.25,Agriculture,0.5,0.5
49.75,-14.25,Agriculture,0.5,0.5
50.25,-14.25,Agriculture,0.5,0.5
47.25,-14.75,Agriculture,0.5,0.5
47.75,-14.75,Agriculture,0.5,0.5
48.25,-14.75,Agriculture,0.5,0.5
48.75,-14.75,Agriculture,0.5,0.5
49.25,-14.75,Agriculture,0.5,0.5
49.75,-14.75,Agriculture,0.5,0.5
50.25,-14.75,Agriculture,0.5,0.5
46.75,-15.25,Agriculture,0.5,0.5
47.25,-15.25,Agriculture,0.5,0.5
47.75,-15.25,Agriculture,0.5,0.5
48.25,-15.25,Agriculture,0.5,0.5
48.75,-15.25,Agriculture,0.5,0.5
49.25,-15.25,Agriculture,0.5,0.5
49.75,-15.25,Agriculture,0.5,0.5
50.25,-15.25,Agriculture,0.5,0.5
45.25,-15.75,Agriculture,0.5,0.5
45.75,-15.75,Agriculture,0.5,0.5
46.25,-15.75,Agriculture,0.5,0.5
46.75,-15.75,Agriculture,0.5,0.5
47.25,-15.75,Agriculture,0.5,0.5
47.75,-15.75,Agriculture,0.5,0.5
48.25,-15.75,Agriculture,0.5,0.5
48.75,-15.75,Agriculture,0.5,0.5
49.25,-15.75,Agriculture,0.5,0.5
49.75,-15.75,Agriculture,0.5,0.5
50.25,-15.75,Agriculture,0.5,0.5
45.25,-16.25,Agriculture,0.5,0.5
45.75,-16.25,Agriculture,0.5,0.5
46.25,-16.25,Agriculture,0.5,0.5
46.75,-16.25,Agriculture,0.5,0.5
47.25,-16.25,Agriculture,0.5,0.5
47.75,-16.25,Agriculture,0.5,0.5
48.25,-16.25,Agriculture,0.5,0.5
48.75,-16.25,Agriculture,0.5,0.5
49.25,-16.25,Agriculture,0.5,0.5
49.75,-16.25,Agriculture,0.5,0.5
45.25,-16.75,Agriculture,0.5,0.5
45.75,-16.75,Agriculture,0.5,0.5
46.25,-16.75,Agriculture,0.5,0.5
46.75,-16.75,Agriculture,0.5,0.5
47.25,-16.75,Agriculture,0.5,0.5
47.75,-16.75,Agriculture,0.5,0.5
48.25,-16.75,Agriculture,0.5,0.5
48.75,-16.75,Agriculture,0.5,0.5
49.25,-16.75,Agriculture,0.5,0.5
49.75,-16.75,Agriculture,0.5,0.5
50.25,-16.75,Agriculture,0.5,0.5
47.25,-17.25,Agriculture,0.5,0.5
47.75,-17.25,Agriculture,0.5,0.5
48.25,-17.25,Agriculture,0.5,0.5
48.75,-17.25,Agriculture,0.5,0.5
49.25,-17.25,Agriculture,0.5,0.5
49.75,-17.25,Agriculture,0.5,0.5
47.25,-17.75,Agriculture,0.5,0.5
47.75,-17.75,Agriculture,0.5,0.5
48.25,-17.75,Agriculture,0.5,0.5
48.75,-17.75,Agriculture,0.5,0.5
49.25,-17.75,Agriculture,0.5,0.5
49.75,-17.75,Agriculture,0.5,0.5
47.25,-18.25,Agriculture,0.5,0.5
47.75,-18.25,Agriculture,0.5,0.5
48.25,-18.25,Agriculture,0.5,0.5
48.75,-18.25,Agriculture,0.5,0.5
49.25,-18.25,Agriculture,0.5,0.5
43.75,-20.75,Agriculture,0.5,0.5
44.25,-20.75,Agriculture,0.5,0.5
44.75,-20.75,Agriculture,0.5,0.5
45.25,-20.75,Agriculture,0.5,0.5
45.75,-20.75,Agriculture,0.5,0.5
46.25,-20.75,Agriculture,0.5,0.5
43.25,-21.25,Agriculture,0.5,0.5
43.75,-21.25,Agriculture,0.5,0.5
44.25,-21.25,Agriculture,0.5,0.5
44.75,-21.25,Agriculture,0.5,0.5
45.25,-21.25,Agriculture,0.5,0.5
45.75,-21.25,Agriculture,0.5,0.5
46.25,-21.25,Agriculture,0.5,0.5
43.25,-21.75,Agriculture,0.5,0.5
43.75,-21.75,Agriculture,0.5,0.5
44.25,-21.75,Agriculture,0.5,0.5
44.75,-21.75,Agriculture,0.5,0.5
45.25,-21.75,Agriculture,0.5,0.5
45.75,-21.75,Agriculture,0.5,0.5
46.25,-21.75,Agriculture,0.5,0.5
43.25,-22.25,Agriculture,0.5,0.5
43.75,-22.25,Agriculture,0.5,0.5
44.25,-22.25,Agriculture,0.5,0.5
44.75,-22.25,Agriculture,0.5,0.5
45.25,-22.25,Agriculture,0.5,0.5
45.75,-22.25,Agriculture,0.5,0.5
46.25,-22.25,Agriculture,0.5,0.5
43.25,-22.75,Agriculture,0.5,0.5
43.75,-22.75,Agriculture,0.5,0.5
44.25,-22.75,Agriculture,0.5,0.5
44.75,-22.75,Agriculture,0.5,0.5
45.25,-22.75,Agriculture,0.5,0.5
45.75,-22.75,Agriculture,0.5,0.5
46.25,-22.75,Agriculture,0.5,0.5
43.25,-23.25,Agriculture,0.5,0.5
43.75,-23.25,Agriculture,0.5,0.5
44.25,-23.25,Agriculture,0.5,0.5
44.75,-23.25,Agriculture,0.5,0.5
45.25,-23.25,Agriculture,0.5,0.5
45.75,-23.25,Agriculture,0.5,0.5
46.25,-23.25,Agriculture,0.5,0.5
43.75,-23.75,Agriculture,0.5,0.5
44.25,-23.75,Agriculture,0.5,0.5
44.75,-23.75,Agriculture,0.5,0.5
45.25,-23.75,Agriculture,0.5,0.5
45.75,-23.75,Agriculture,0.5,0.5
46.25,-23.75,Agriculture,0.5,0.5
43.75,-24.25,Agriculture,0.5,0.5
44.25,-24.25,Agriculture,0.5,0.5
44.75,-24.25,Agriculture,0.5,0.5
45.25,-24.25,Agriculture,0.5,0.5
45.75,-24.25,Agriculture,0.5,0.5
46.25,-24.25,Agriculture,0.5,0.5
43.75,-24.75,Agriculture,0.5,0.5
44.25,-24.75,Agriculture,0.5,0.5
44.75,-24.75,Agriculture,0.5,0.5
45.25,-24.75,Agriculture,0.5,0.5
45.75,-24.75,Agriculture,0.5,0.5
46.25,-24.75,Agriculture,0.5,0.5
44.25,-25.25,Agriculture,0.5,0.5
44.75,-25.25,Agriculture,0.5,0.5
45.25,-25.25,Agriculture,0.5,0.5
45.75,-25.25,Agriculture,0.5,0.5
46.25,-25.25,Agriculture,0.5,0.5
45.25,-25.75,Agriculture,0.5,0.5
45.75,-25.75,Agriculture,0.5,0.5
119.5,16.5,Fisheries,1,1
122.5,16.5,Fisheries,1,1
118.5,15.5,Fisheries,1,1
119.5,15.5,Fisheries,1,1
121.5,15.5,Fisheries,1,1
122.5,15.5,Fisheries,1,1
123.5,15.5,Fisheries,1,1
117.5,14.5,Fisheries,1,1
118.5,14.5,Fisheries,1,1
119.5,14.5,Fisheries,1,1
122.5,14.5,Fisheries,1,1
123.5,14.5,Fisheries,1,1
117.5,13.5,Fisheries,1,1
118.5,13.5,Fisheries,1,1
119.5,13.5,Fisheries,1,1
121.5,13.5,Fisheries,1,1
124.5,13.5,Fisheries,1,1
118.5,12.5,Fisheries,1,1
119.5,12.5,Fisheries,1,1
120.5,12.5,Fisheries,1,1
121.5,12.5,Fisheries,1,1
125.5,12.5,Fisheries,1,1
126.5,12.5,Fisheries,1,1
118.5,11.5,Fisheries,1,1
119.5,11.5,Fisheries,1,1
120.5,11.5,Fisheries,1,1
121.5,11.5,Fisheries,1,1
123.5,11.5,Fisheries,1,1
126.5,11.5,Fisheries,1,1
127.5,11.5,Fisheries,1,1
120.5,10.5,Fisheries,1,1
121.5,10.5,Fisheries,1,1
123.5,10.5,Fisheries,1,1
124.5,10.5,Fisheries,1,1
125.5,10.5,Fisheries,1,1
126.5,10.5,Fisheries,1,1
127.5,10.5,Fisheries,1,1
120.5,9.5,Fisheries,1,1
121.5,9.5,Fisheries,1,1
122.5,9.5,Fisheries,1,1
123.5,9.5,Fisheries,1,1
124.5,9.5,Fisheries,1,1
126.5,9.5,Fisheries,1,1
127.5,9.5,Fisheries,1,1
95.5,8.5,Fisheries,1,1
121.5,8.5,Fisheries,1,1
122.5,8.5,Fisheries,1,1
126.5,8.5,Fisheries,1,1
93.5,7.5,Fisheries,1,1
94.5,7.5,Fisheries,1,1
95.5,7.5,Fisheries,1,1
96.5,7.5,Fisheries,1,1
122.5,7.5,Fisheries,1,1
123.5,7.5,Fisheries,1,1
93.5,6.5,Fisheries,1,1
94.5,6.5,Fisheries,1,1
95.5,6.5,Fisheries,1,1
96.5,6.5,Fisheries,1,1
97.5,6.5,Fisheries,1,1
92.5,5.5,Fisheries,1,1
93.5,5.5,Fisheries,1,1
94.5,5.5,Fisheries,1,1
96.5,5.5,Fisheries,1,1
97.5,5.5,Fisheries,1,1
93.5,4.5,Fisheries,1,1
94.5,4.5,Fisheries,1,1
95.5,4.5,Fisheries,1,1
125.5,4.5,Fisheries,1,1
94.5,3.5,Fisheries,1,1
95.5,3.5,Fisheries,1,1
96.5,3.5,Fisheries,1,1
123.5,3.5,Fisheries,1,1
124.5,3.5,Fisheries,1,1
126.5,3.5,Fisheries,1,1
122.5,2.5,Fisheries,1,1
123.5,2.5,Fisheries,1,1
124.5,2.5,Fisheries,1,1
125.5,2.5,Fisheries,1,1
126.5,2.5,Fisheries,1,1
127.5,2.5,Fisheries,1,1
122.5,1.5,Fisheries,1,1
123.5,1.5,Fisheries,1,1
124.5,1.5,Fisheries,1,1
125.5,1.5,Fisheries,1,1
126.5,1.5,Fisheries,1,1
122.5,0.5,Fisheries,1,1
124.5,0.5,Fisheries,1,1
125.5,0.5,Fisheries,1,1
126.5,0.5,Fisheries,1,1
146.5,0.5,Fisheries,1,1
147.5,0.5,Fisheries,1,1
122.5,-0.5,Fisheries,1,1
123.5,-0.5,Fisheries,1,1
124.5,-0.5,Fisheries,1,1
125.5,-0.5,Fisheries,1,1
126.5,-0.5,Fisheries,1,1
145.5,-0.5,Fisheries,1,1
146.5,-0.5,Fisheries,1,1
147.5,-0.5,Fisheries,1,1
148.5,-0.5,Fisheries,1,1
149.5,-0.5,Fisheries,1,1
150.5,-0.5,Fisheries,1,1
151.5,-0.5,Fisheries,1,1
124.5,-1.5,Fisheries,1,1
125.5,-1.5,Fisheries,1,1
144.5,-1.5,Fisheries,1,1
145.5,-1.5,Fisheries,1,1
146.5,-1.5,Fisheries,1,1
147.5,-1.5,Fisheries,1,1
148.5,-1.5,Fisheries,1,1
149.5,-1.5,Fisheries,1,1
150.5,-1.5,Fisheries,1,1
151.5,-1.5,Fisheries,1,1
152.5,-1.5,Fisheries,1,1
153.5,-1.5,Fisheries,1,1
143.5,-2.5,Fisheries,1,1
144.5,-2.5,Fisheries,1,1
145.5,-2.5,Fisheries,1,1
146.5,-2.5,Fisheries,1,1
147.5,-2.5,Fisheries,1,1
148.5,-2.5,Fisheries,1,1
149.5,-2.5,Fisheries,1,1
150.5,-2.5,Fisheries,1,1
151.5,-2.5,Fisheries,1,1
152.5,-2.5,Fisheries,1,1
153.5,-2.5,Fisheries,1,1
154.5,-2.5,Fisheries,1,1
40.5,-3.5,Fisheries,1,1
41.5,-3.5,Fisheries,1,1
144.5,-3.5,Fisheries,1,1
145.5,-3.5,Fisheries,1,1
146.5,-3.5,Fisheries,1,1
147.5,-3.5,Fisheries,1,1
148.5,-3.5,Fisheries,1,1
149.5,-3.5,Fisheries,1,1
150.5,-3.5,Fisheries,1,1
151.5,-3.5,Fisheries,1,1
152.5,-3.5,Fisheries,1,1
153.5,-3.5,Fisheries,1,1
154.5,-3.5,Fisheries,1,1
39.5,-4.5,Fisheries,1,1
40.5,-4.5,Fisheries,1,1
41.5,-4.5,Fisheries,1,1
42.5,-4.5,Fisheries,1,1
146.5,-4.5,Fisheries,1,1
147.5,-4.5,Fisheries,1,1
148.5,-4.5,Fisheries,1,1
149.5,-4.5,Fisheries,1,1
150.5,-4.5,Fisheries,1,1
151.5,-4.5,Fisheries,1,1
152.5,-4.5,Fisheries,1,1
153.5,-4.5,Fisheries,1,1
39.5,-5.5,Fisheries,1,1
40.5,-5.5,Fisheries,1,1
41.5,-5.5,Fisheries,1,1
42.5,-5.5,Fisheries,1,1
115.5,-5.5,Fisheries,1,1
146.5,-5.5,Fisheries,1,1
147.5,-5.5,Fisheries,1,1
151.5,-5.5,Fisheries,1,1
152.5,-5.5,Fisheries,1,1
153.5,-5.5,Fisheries,1,1
39.5,-6.5,Fisheries,1,1
40.5,-6.5,Fisheries,1,1
41.5,-6.5,Fisheries,1,1
42.5,-6.5,Fisheries,1,1
113.5,-6.5,Fisheries,1,1
114.5,-6.5,Fisheries,1,1
115.5,-6.5,Fisheries,1,1
116.5,-6.5,Fisheries,1,1
117.5,-6.5,Fisheries,1,1
148.5,-6.5,Fisheries,1,1
149.5,-6.5,Fisheries,1,1
150.5,-6.5,Fisheries,1,1
151.5,-6.5,Fisheries,1,1
152.5,-6.5,Fisheries,1,1
153.5,-6.5,Fisheries,1,1
39.5,-7.5,Fisheries,1,1
40.5,-7.5,Fisheries,1,1
41.5,-7.5,Fisheries,1,1
42.5,-7.5,Fisheries,1,1
113.5,-7.5,Fisheries,1,1
114.5,-7.5,Fisheries,1,1
115.5,-7.5,Fisheries,1,1
116.5,-7.5,Fisheries,1,1
117.5,-7.5,Fisheries,1,1
147.5,-7.5,Fisheries,1,1
148.5,-7.5,Fisheries,1,1
149.5,-7.5,Fisheries,1,1
150.5,-7.5,Fisheries,1,1
151.5,-7.5,Fisheries,1,1
39.5,-8.5,Fisheries,1,1
40.5,-8.5,Fisheries,1,1
41.5,-8.5,Fisheries,1,1
112.5,-8.5,Fisheries,1,1
113.5,-8.5,Fisheries,1,1
114.5,-8.5,Fisheries,1,1
115.5,-8.5,Fisheries,1,1
40.5,-9.5,Fisheries,1,1
112.5,-9.5,Fisheries,1,1
113.5,-9.5,Fisheries,1,1
114.5,-9.5,Fisheries,1,1
115.5,-9.5,Fisheries,1,1
116.5,-9.5,Fisheries,1,1
117.5,-9.5,Fisheries,1,1
47.5,-10.5,Fisheries,1,1
48.5,-10.5,Fisheries,1,1
113.5,-10.5,Fisheries,1,1
114.5,-10.5,Fisheries,1,1
115.5,-10.5,Fisheries,1,1
116.5,-10.5,Fisheries,1,1
46.5,-11.5,Fisheries,1,1
47.5,-11.5,Fisheries,1,1
48.5,-11.5,Fisheries,1,1
49.5,-11.5,Fisheries,1,1
50.5,-11.5,Fisheries,1,1
45.5,-12.5,Fisheries,1,1
46.5,-12.5,Fisheries,1,1
47.5,-12.5,Fisheries,1,1
48.5,-12.5,Fisheries,1,1
50.5,-12.5,Fisheries,1,1
45.5,-13.5,Fisheries,1,1
46.5,-13.5,Fisheries,1,1
47.5,-13.5,Fisheries,1,1
50.5,-13.5,Fisheries,1,1
51.5,-13.5,Fisheries,1,1
44.5,-14.5,Fisheries,1,1
45.5,-14.5,Fisheries,1,1
46.5,-14.5,Fisheries,1,1
47.5,-14.5,Fisheries,1,1
50.5,-14.5,Fisheries,1,1
51.5,-14.5,Fisheries,1,1
52.5,-14.5,Fisheries,1,1
45.5,-15.5,Fisheries,1,1
50.5,-15.5,Fisheries,1,1
51.5,-15.5,Fisheries,1,1
52.5,-15.5,Fisheries,1,1
50.5,-16.5,Fisheries,1,1
51.5,-16.5,Fisheries,1,1
52.5,-16.5,Fisheries,1,1
53.5,-16.5,Fisheries,1,1
49.5,-17.5,Fisheries,1,1
50.5,-17.5,Fisheries,1,1
51.5,-17.5,Fisheries,1,1
52.5,-17.5,Fisheries,1,1
49.5,-18.5,Fisheries,1,1
50.5,-18.5,Fisheries,1,1
51.5,-18.5,Fisheries,1,1
41.5,-20.5,Fisheries,1,1
42.5,-20.5,Fisheries,1,1
43.5,-20.5,Fisheries,1,1
41.5,-21.5,Fisheries,1,1
42.5,-21.5,Fisheries,1,1
40.5,-22.5,Fisheries,1,1
41.5,-22.5,Fisheries,1,1
42.5,-22.5,Fisheries,1,1
40.5,-23.5,Fisheries,1,1
41.5,-23.5,Fisheries,1,1
42.5,-23.5,Fisheries,1,1
43.5,-23.5,Fisheries,1,1
40.5,-24.5,Fisheries,1,1
41.5,-24.5,Fisheries,1,1
42.5,-24.5,Fisheries,1,1
43.5,-24.5,Fisheries,1,1
41.5,-25.5,Fisheries,1,1
42.5,-25.5,Fisheries,1,1
43.5,-25.5,Fisheries,1,1
44.5,-25.5,Fisheries,1,1
